{
  "total_driving_time_s": 1657.8488084602357,
  "distance_driven_km": 30.552448700732675
}