{
  "total_driving_time_s": 4747.315162353516,
  "distance_driven_km": 93.25806543403218
}