{"total_driving_time_s":3826.232697248459,"distance_driven_m":81424.0930804944}