{"total_driving_time_s":1502.6112229824066,"distance_driven_m":33539.24075961114}