{"orion_current_max":150,"speed_max":145,"pack_temp_max":59,"lv_bat_voltage_min":0,"pack_voltage_min":0,"power_max":90.0,"effscore":1.0,"driving_time":3826.232697248459,"consumed_soc":13011,"energy_drawn_wh":36249.70025660273,"distance_driven_m":81424.0930804944,"effscore_total":93392.6550145856,"effscore_count":6976}