{"orion_current_max":150,"speed_max":145,"pack_temp_max":59,"lv_bat_voltage_min":0,"pack_voltage_min":0,"power_max":90.0,"effscore":1.0,"driving_time":1502.6112229824066,"consumed_soc":7227,"energy_drawn_wh":12816.201978797822,"distance_driven_m":33539.24075961114,"effscore_total":91641.35404373857,"effscore_count":6838}